Заголовок,nomer_fonda,nomer_opisi,nomer_dela,document_type,document_id,last_name,first_name,middle_name,date_birth,place_birth,date_death,rank,warunit,cause_of_death,primary_burial,current_burial,conscription_location,primary_url,notes,Дата
Чолакава Константин Илларионович,,,,ЦАМО,551197291,Чолакава,Константин,Илларионович,,"Грузинская ССР, Слукидзевский р-н, Красная Звезда",05.03.1942,мл. лейтенант,СКФ 826 сп 398 сд,пропал без вести,,,,https://obd-memorial.ru/html/info.htm?id=551197291,пропал без вести,2026-06-02
Бойко Евгений Петрович,,,,ЦАМО,551198188,Бойко,Евгений,Петрович,,"г. Керчь, пер. Сенной, 11",Между 13.03.1942 и 26.04.1942,красноармеец,СКФ 821 сп 398 сд,,,,,https://obd-memorial.ru/html/info.htm?id=551198188,,2026-06-02
Храмов Иван Васильевич,,,,ЦАМО,551200143,Храмов,Иван,Васильевич,,,08.03.1942,красноармеец,СКФ 958 ап 398 сд,умер,"Крымская АССР, Ленинский р-н, Ак-Монайский с/с, с. Ак-Монай",,,https://obd-memorial.ru/html/info.htm?id=551200143,умер,2026-06-02
Бения Сардион Бясатович,,,,ЦАМО,551200144,Бения,Сардион,Бясатович,,,09.03.1942,красноармеец,СКФ 958 ап 398 сд,умер,"Крымская АССР, Ленинский р-н, Ак-Монайский с/с, с. Ак-Монай",,,https://obd-memorial.ru/html/info.htm?id=551200144,умер,2026-06-02
Хакимов Фазалит Джеман.,,,,ЦАМО,551200151,Хакимов,Фазалит,Джеман.,,,07.03.1942,красноармеец,СКФ 958 ап 398 сд,умер,"Крымская АССР, Ленинский р-н, Ак-Монайский с/с, с. Ак-Монай",,,https://obd-memorial.ru/html/info.htm?id=551200151,умер,2026-06-02
Сергеев Петр Сергеевич,,,,ЦАМО,551200159,Сергеев,Петр,Сергеевич,,,20.03.1942,красноармеец,СКФ 958 ап 398 сд,пропал без вести,,,,https://obd-memorial.ru/html/info.htm?id=551200159,пропал без вести,2026-06-02
Саркисян Хачик Хочетурович,,,,ЦАМО,551200160,Саркисян,Хачик,Хочетурович,,,20.03.1942,красноармеец,СКФ 958 ап 398 сд,пропал без вести,,,,https://obd-memorial.ru/html/info.htm?id=551200160,пропал без вести,2026-06-02
Миронов Михаил Иванович,,,,ЦАМО,551200163,Миронов,Михаил,Иванович,,,20.03.1942,красноармеец,СКФ 958 ап 398 сд,пропал без вести,,,,https://obd-memorial.ru/html/info.htm?id=551200163,пропал без вести,2026-06-02
Клименко Петр Михайлович,,,,ЦАМО,551200164,Клименко,Петр,Михайлович,,,20.03.1942,красноармеец,СКФ 958 ап 398 сд,пропал без вести,,,,https://obd-memorial.ru/html/info.htm?id=551200164,пропал без вести,2026-06-02
Панасенко С. П.,,,,ЦАМО,551200175,Панасенко,С.,П.,,,13.03.1942,красноармеец,СКФ 958 ап 398 сд,пропал без вести,,,,https://obd-memorial.ru/html/info.htm?id=551200175,пропал без вести,2026-06-02
Датцкий Михаил Ильич,,,,ЦАМО,551200176,Датцкий,Михаил,Ильич,,,07.03.1942,красноармеец,СКФ 958 ап 398 сд,пропал без вести,,,,https://obd-memorial.ru/html/info.htm?id=551200176,пропал без вести,2026-06-02
Горбик С. Т.,,,,ЦАМО,551200187,Горбик,С.,Т.,,,20.03.1942,красноармеец,СКФ 958 ап 398 сд,пропал без вести,,,,https://obd-memorial.ru/html/info.htm?id=551200187,пропал без вести,2026-06-02
Бычков Анатолий Петрович,,,,ЦАМО,551267120,Бычков,Анатолий,Петрович,,"Челябинская обл., Зав. Миньяр, ул. Якова Заикина, 14",18.03.1942,лейтенант,скф 398 сд 821 сп,умер от ран,"Крымская АССР, Ленинский р-н, Ак-Монайский с/с, с. Ак-Монай, юго-западнее, правее 3 км железной дороги 400 м",,,https://obd-memorial.ru/html/info.htm?id=551267120,умер от ран,2026-06-02
Тешин Михаил Тимофеевич,,,,ЦАМО,551267155,Тешин,Михаил,Тимофеевич,,Куйбышевская обл.,13.03.1942,лейтенант,скф 398 сд 824 сп,пропал без вести,,,,https://obd-memorial.ru/html/info.htm?id=551267155,пропал без вести,2026-06-02
Стегалкин Владимир Иванович,,,,ЦАМО,551267156,Стегалкин,Владимир,Иванович,,МАССР,15.03.1942,мл. лейтенант,скф 398 сд 824 сп,пропал без вести,,,,https://obd-memorial.ru/html/info.htm?id=551267156,пропал без вести,2026-06-02
Зейкалов Кязум Мустафа,,,,ЦАМО,551267159,Зейкалов,Кязум,Мустафа,,г. Баку,14.03.1942,мл. лейтенант,скф 398 сд 824 сп,пропал без вести,,,,https://obd-memorial.ru/html/info.htm?id=551267159,пропал без вести,2026-06-02
Пелих Василий Дмитриевич,,,,ЦАМО,551267160,Пелих,Василий,Дмитриевич,,Харьковская обл.,17.03.1942,мл. лейтенант,скф 398 сд 824 сп,пропал без вести,,,,https://obd-memorial.ru/html/info.htm?id=551267160,пропал без вести,2026-06-02
Хатагуров Григорий Дмитриевич,,,,ЦАМО,551267163,Хатагуров,Григорий,Дмитриевич,,Грузинская ССР,20.03.1942,мл. лейтенант,скф 398 сд 824 сп,пропал без вести,,,,https://obd-memorial.ru/html/info.htm?id=551267163,пропал без вести,2026-06-02
Маглакелидзе Акаки Авксентьевич,,,,ЦАМО,551267164,Маглакелидзе,Акаки,Авксентьевич,,Грузинская ССР,18.03.1942,мл. лейтенант,скф 398 сд 824 сп,пропал без вести,,,,https://obd-memorial.ru/html/info.htm?id=551267164,пропал без вести,2026-06-02
Кондратьев Василий Михайлович,,,,ЦАМО,551267167,Кондратьев,Василий,Михайлович,,Алма-Атинская обл.,16.03.1942,лейтенант,скф 398 сд 824 сп,пропал без вести,,,,https://obd-memorial.ru/html/info.htm?id=551267167,пропал без вести,2026-06-02
Степанов Юрий Владимирович,,,,ЦАМО,551267168,Степанов,Юрий,Владимирович,,г. Коканд,15.03.1942,лейтенант,скф 398 сд 824 сп,пропал без вести,,,,https://obd-memorial.ru/html/info.htm?id=551267168,пропал без вести,2026-06-02
Задорожный Яков Степанович,,,,ЦАМО,551267171,Задорожный,Яков,Степанович,,Житомирская обл.,19.03.1942,мл. лейтенант,скф 398 сд 824 сп,пропал без вести,,,,https://obd-memorial.ru/html/info.htm?id=551267171,пропал без вести,2026-06-02
Белецкий Алексей Иванович,,,,ЦАМО,551267172,Белецкий,Алексей,Иванович,,Одесская обл.,18.03.1942,мл. лейтенант,скф 398 сд 824 сп,пропал без вести,,,,https://obd-memorial.ru/html/info.htm?id=551267172,пропал без вести,2026-06-02
Кондратенко Сава Емельянович,,,,ЦАМО,551267216,Кондратенко,Сава,Емельянович,,"Полтавская обл., Лозовский р-н, с. Воробьи",07.03.1942,лейтенант,скф 398 сд 846 обс,пропал без вести,,,,https://obd-memorial.ru/html/info.htm?id=551267216,пропал без вести,2026-06-02
Яковлев Игорь Васильевич,,,,ЦАМО,551268501,Яковлев,Игорь,Васильевич,,г. Симферополь,03.11.1942,,скф 763 отср 398 сд,пропал без вести,,,,https://obd-memorial.ru/html/info.htm?id=551268501,пропал без вести,2026-06-02
Резник Степан Фомич,,,,ЦАМО,551200153,Резник,Степан,Фомич,,,07.03.1942,красноармеец,СКФ 958 ап 398 сд,умер,"Крымская АССР, Ленинский р-н, Ак-Монайский с/с, с. Ак-Монай",,,https://obd-memorial.ru/html/info.htm?id=551200153,умер,2026-06-02
Овчар Федор Васильевич,,,,ЦАМО,551200157,Овчар,Федор,Васильевич,,,20.03.1942,красноармеец,СКФ 958 ап 398 сд,пропал без вести,,,,https://obd-memorial.ru/html/info.htm?id=551200157,пропал без вести,2026-06-02
Пурик Иван Владимирович,,,,ЦАМО,551200158,Пурик,Иван,Владимирович,,,20.03.1942,сержант,СКФ 958 ап 398 сд,пропал без вести,,,,https://obd-memorial.ru/html/info.htm?id=551200158,пропал без вести,2026-06-02
Бульбулян Аревшат Армак.,,,,ЦАМО,551200161,Бульбулян,Аревшат,Армак.,,,20.03.1942,красноармеец,СКФ 958 ап 398 сд,пропал без вести,,,,https://obd-memorial.ru/html/info.htm?id=551200161,пропал без вести,2026-06-02
Авдющенко Митрофан Сем.,,,,ЦАМО,551200162,Авдющенко,Митрофан,Сем.,,,20.03.1942,красноармеец,СКФ 958 ап 398 сд,пропал без вести,,,,https://obd-memorial.ru/html/info.htm?id=551200162,пропал без вести,2026-06-02
Новорузов А. И.,,,,ЦАМО,551200174,Новорузов,А.,И.,,,13.03.1942,сержант,СКФ 958 ап 398 сд,пропал без вести,,,,https://obd-memorial.ru/html/info.htm?id=551200174,пропал без вести,2026-06-02
Билиментиков Тимофей Петрович,,,,ЦАМО,551200189,Билиментиков,Тимофей,Петрович,,,20.03.1942,красноармеец,СКФ 958 ап 398 сд,пропал без вести,,,,https://obd-memorial.ru/html/info.htm?id=551200189,пропал без вести,2026-06-02
Онищук Петр Феоктистович,,,,ЦАМО,551267153,Онищук,Петр,Феоктистович,,Одесская обл.,16.03.1942,лейтенант,скф 398 сд 824 сп,пропал без вести,,,,https://obd-memorial.ru/html/info.htm?id=551267153,пропал без вести,2026-06-02
Сенченко Николай Федорович,,,,ЦАМО,551267154,Сенченко,Николай,Федорович,,Кировоградская обл.,16.03.1942,лейтенант,скф 398 сд 824 сп,пропал без вести,,,,https://obd-memorial.ru/html/info.htm?id=551267154,пропал без вести,2026-06-02
Марчиладзе Михаил Давидович,,,,ЦАМО,551267157,Марчиладзе,Михаил,Давидович,,Грузинская ССР,19.03.1942,мл. лейтенант,скф 398 сд 824 сп,пропал без вести,,,,https://obd-memorial.ru/html/info.htm?id=551267157,пропал без вести,2026-06-02
Филатов Степан Иванович,,,,ЦАМО,551267158,Филатов,Степан,Иванович,,Алма-Атинская обл.,18.03.1942,лейтенант,скф 398 сд 824 сп,пропал без вести,,,,https://obd-memorial.ru/html/info.htm?id=551267158,пропал без вести,2026-06-02
Штыхко Андрей Александрович,,,,ЦАМО,551267161,Штыхко,Андрей,Александрович,,Орджоникидзевский край,14.03.1942,мл. лейтенант,скф 398 сд 824 сп,пропал без вести,,,,https://obd-memorial.ru/html/info.htm?id=551267161,пропал без вести,2026-06-02
Холоднов Иван Константинович,,,,ЦАМО,551267162,Холоднов,Иван,Константинович,,Запорожская обл.,14.03.1942,лейтенант,скф 398 сд 824 сп,пропал без вести,,,,https://obd-memorial.ru/html/info.htm?id=551267162,пропал без вести,2026-06-02
Симонидзе Давид Александрович,,,,ЦАМО,551267165,Симонидзе,Давид,Александрович,,Грузинская ССР,20.03.1942,мл. лейтенант,скф 398 сд 824 сп,пропал без вести,,,,https://obd-memorial.ru/html/info.htm?id=551267165,пропал без вести,2026-06-02
Арутюнян Леон Николаевич,,,,ЦАМО,551267166,Арутюнян,Леон,Николаевич,,Азербайджанская ССР,15.03.1942,мл. лейтенант,скф 398 сд 824 сп,пропал без вести,,,,https://obd-memorial.ru/html/info.htm?id=551267166,пропал без вести,2026-06-02
Филонов Павел Владимирович,,,,ЦАМО,551267169,Филонов,Павел,Владимирович,,Одесская обл.,15.03.1942,лейтенант,скф 398 сд 824 сп,пропал без вести,,,,https://obd-memorial.ru/html/info.htm?id=551267169,пропал без вести,2026-06-02
Папазян Амаяк Петросович,,,,ЦАМО,551267170,Папазян,Амаяк,Петросович,,Абхазская АССР,17.03.1942,мл. политрук,скф 398 сд 824 сп,пропал без вести,,,,https://obd-memorial.ru/html/info.htm?id=551267170,пропал без вести,2026-06-02
Кожевников Владимир Иванович,,,,ЦАМО,551267173,Кожевников,Владимир,Иванович,,Одесская обл.,18.03.1942,мл. лейтенант,скф 398 сд 824 сп,пропал без вести,,,,https://obd-memorial.ru/html/info.htm?id=551267173,пропал без вести,2026-06-02
Солорай Аким Федорович,,,,ЦАМО,551267174,Солорай,Аким,Федорович,,"Украинская ССР, Николаевская обл.",17.03.1942,политрук,скф 398 сд 824 сп,пропал без вести,,,,https://obd-memorial.ru/html/info.htm?id=551267174,пропал без вести,2026-06-02